학교명,구분,시도,시군구
ICT폴리텍대학,전문대,경기도,광주시
가야대학교(고령),4년제,경상북도,고령군
가야대학교(김해),4년제,경상남도,김해시
가천대학교,4년제,경기도,성남시 수정구
가톨릭관동대학교,4년제,강원특별자치도,강릉시
가톨릭꽃동네대학교,4년제,충청북도,청주시 서원구
가톨릭대학교,4년제,경기도,부천시 원미구
가톨릭상지대학교,전문대,경상북도,안동시
감리교신학대학교,4년제,서울특별시,서대문구
강남대학교,4년제,경기도,용인시 기흥구
강동대학교,전문대,충청북도,음성군
강릉영동대학교,전문대,강원특별자치도,강릉시
강서대학교,4년제,서울특별시,강서구
강원관광대학교,전문대,강원특별자치도,태백시
강원대학교,4년제,강원특별자치도,춘천시
강원도립대학교,전문대,강원특별자치도,강릉시
거제대학교,전문대,경상남도,거제시
건국대학교,4년제,서울특별시,광진구
건국대학교(글로컬),4년제,충청북도,충주시
건양대학교,4년제,충청남도,논산시
건양사이버대학교,원격대학,대전광역시,서구
경기과학기술대학교,전문대,경기도,시흥시
경기대학교,4년제,경기도,수원시 영통구
경남과학기술대학교,4년제,경상남도,진주시
경남대학교,4년제,경상남도,창원시 마산합포구
경남도립거창대학,전문대,경상남도,거창군
경남도립남해대학,전문대,경상남도,남해군
경남정보대학교,전문대,부산광역시,사상구
경동대학교,4년제,강원특별자치도,고성군
경민대학교,전문대,경기도,의정부시
경복대학교,전문대,경기도,남양주시
경북과학대학교,전문대,경상북도,칠곡군
경북대학교,4년제,대구광역시,북구
경북도립대학교,전문대,경상북도,예천군
경북보건대학교,전문대,경상북도,김천시
경북전문대학교,전문대,경상북도,영주시
경상국립대학교,4년제,경상남도,진주시
경성대학교,4년제,부산광역시,남구
경운대학교,4년제,경상북도,구미시
경운대학교(산업대),4년제,경상북도,구미시
경인교육대학교,4년제,인천광역시,계양구
경인여자대학교,전문대,인천광역시,계양구
경일대학교,4년제,경상북도,경산시
경희대학교,4년제,서울특별시,동대문구
경희사이버대학교,원격대학,서울특별시,동대문구
계명대학교,4년제,대구광역시,달서구
계명문화대학교,전문대,대구광역시,달서구
계원예술대학교,전문대,경기도,의왕시
고려대학교,4년제,서울특별시,성북구
고려대학교(세종),4년제,세종특별자치시,
고려사이버대학교,원격대학,서울특별시,종로구
고신대학교,4년제,부산광역시,영도구
공주교육대학교,4년제,충청남도,공주시
광신대학교,4년제,광주광역시,북구
광양보건대학교,전문대,전라남도,광양시
광운대학교,4년제,서울특별시,노원구
광주가톨릭대학교,4년제,전라남도,나주시
광주과학기술원,4년제,광주광역시,북구
광주교육대학교,4년제,광주광역시,북구
광주대학교,4년제,광주광역시,남구
광주보건대학교,전문대,광주광역시,광산구
광주여자대학교,4년제,광주광역시,광산구
구미대학교,전문대,경상북도,구미시
구세군사관학교,전문대,경기도,과천시
국립강릉원주대학교,4년제,강원특별자치도,강릉시
국립경국대학교,4년제,경상북도,안동시
국립공주대학교,4년제,충청남도,공주시
국립군산대학교,4년제,전북특별자치도,군산시
국립금오공과대학교,4년제,경상북도,구미시
국립목포대학교,4년제,전라남도,무안군
국립목포해양대학교,4년제,전라남도,목포시
국립부경대학교,4년제,부산광역시,남구
국립순천대학교,4년제,전라남도,순천시
국립창원대학교,4년제,경상남도,창원시 의창구
국립창원대학교(거창캠퍼스),4년제,경상남도,거창군
국립창원대학교(남해캠퍼스),4년제,경상남도,남해군
국립한국교통대학교,4년제,충청북도,충주시
국립한국해양대학교,4년제,부산광역시,영도구
국립한밭대학교,4년제,대전광역시,유성구
국민대학교,4년제,서울특별시,성북구
국제대학교,전문대,경기도,평택시
국제사이버대학교,원격대학,경기도,수원시 팔달구
군산간호대학교,전문대,전북특별자치도,군산시
군장대학교,전문대,전북특별자치도,군산시
극동대학교,4년제,충청북도,음성군
글로벌사이버대학교,원격대학,충청남도,천안시 동남구
금강대학교,4년제,충청남도,논산시
기독간호대학교,전문대,광주광역시,남구
김천대학교,4년제,경상북도,김천시
김포대학교,전문대,경기도,김포시
김해대학교,전문대,경상남도,김해시
나사렛대학교,4년제,충청남도,천안시 서북구
나주대학교,전문대,전라남도,나주시
남부대학교,4년제,광주광역시,광산구
남서울대학교,4년제,충청남도,천안시 서북구
남서울대학교(산업대),4년제,충청남도,천안시 서북구
농협대학교,전문대,경기도,고양시 덕양구
단국대학교,4년제,경기도,용인시 수지구
대경대학교,전문대,경상북도,경산시
대구가톨릭대학교,4년제,경상북도,경산시
대구경북과학기술원,4년제,대구광역시,달성군
대구공업대학교,전문대,대구광역시,달서구
대구과학대학교,전문대,대구광역시,북구
대구교육대학교,4년제,대구광역시,남구
대구대학교,4년제,경상북도,경산시
대구미래대학교,전문대,경상북도,경산시
대구보건대학교,전문대,대구광역시,북구
대구사이버대학교,원격대학,경상북도,경산시
대구예술대학교,4년제,경상북도,칠곡군
대구외국어대학교,4년제,경상북도,경산시
대구한의대학교,4년제,경상북도,경산시
대덕대학교,전문대,대전광역시,유성구
대동대학교,전문대,부산광역시,금정구
대림대학교,전문대,경기도,안양시 동안구
대신대학교,4년제,경상북도,경산시
대원대학교,전문대,충청북도,제천시
대전가톨릭대학교,4년제,세종특별자치시,
대전과학기술대학교,전문대,대전광역시,서구
대전대학교,4년제,대전광역시,동구
대전보건대학교,전문대,대전광역시,동구
대전신학대학교,4년제,대전광역시,대덕구
대진대학교,4년제,경기도,포천시
덕성여자대학교,4년제,서울특별시,도봉구
동강대학교,전문대,광주광역시,북구
동국대학교,4년제,서울특별시,중구
동국대학교(WISE),4년제,경상북도,경주시
동남보건대학교,전문대,경기도,수원시 장안구
동덕여자대학교,4년제,서울특별시,성북구
동명대학교,4년제,부산광역시,남구
동부산대학교,전문대,부산광역시,해운대구
동서대학교,4년제,부산광역시,사상구
동서울대학교,전문대,경기도,성남시 수정구
동신대학교,4년제,전라남도,나주시
동아대학교,4년제,부산광역시,사하구
동아방송예술대학교,전문대,경기도,안성시
동아보건대학교,전문대,전라남도,영암군
동양대학교,4년제,경상북도,영주시
동양미래대학교,전문대,서울특별시,구로구
동우대학,전문대,강원특별자치도,속초시
동원과학기술대학교,전문대,경상남도,양산시
동원대학교,전문대,경기도,광주시
동의과학대학교,전문대,부산광역시,부산진구
동의대학교,4년제,부산광역시,부산진구
두원공과대학교,전문대,경기도,안성시
디지털서울문화예술대학교,원격대학,서울특별시,서대문구
루터대학교,4년제,경기도,용인시 기흥구
마산대학교,전문대,경상남도,창원시 마산회원구
명지대학교,4년제,경기도,용인시 처인구
명지전문대학,전문대,서울특별시,서대문구
목원대학교,4년제,대전광역시,서구
목포가톨릭대학교,4년제,전라남도,목포시
목포과학대학교,전문대,전라남도,목포시
문경대학교,전문대,경상북도,문경시
배재대학교,4년제,대전광역시,서구
배화여자대학교,전문대,서울특별시,종로구
백석대학교,4년제,충청남도,천안시 동남구
백석문화대학교,전문대,충청남도,천안시 동남구
백제예술대학교,전문대,전북특별자치도,완주군
부산가톨릭대학교,4년제,부산광역시,금정구
부산경상대학교,전문대,부산광역시,연제구
부산과학기술대학교,전문대,부산광역시,북구
부산교육대학교,4년제,부산광역시,연제구
부산대학교,4년제,부산광역시,금정구
부산디지털대학교,원격대학,부산광역시,사상구
부산보건대학교,전문대,부산광역시,사하구
부산여자대학교,전문대,부산광역시,부산진구
부산예술대학교,전문대,부산광역시,남구
부산외국어대학교,4년제,부산광역시,금정구
부산장신대학교,4년제,경상남도,김해시
부천대학교,전문대,경기도,부천시 원미구
사이버한국외국어대학교,원격대학,서울특별시,동대문구
삼육대학교,4년제,서울특별시,노원구
삼육보건대학교,전문대,서울특별시,동대문구
상명대학교,4년제,서울특별시,종로구
상지대학교,4년제,강원특별자치도,원주시
상지영서대학교,전문대,강원특별자치도,원주시
서강대학교,4년제,서울특별시,마포구
서경대학교,4년제,서울특별시,성북구
서남대학교,4년제,전북특별자치도,남원시
서라벌대학교,전문대,경상북도,경주시
서영대학교,전문대,광주광역시,북구
서울과학기술대학교,4년제,서울특별시,노원구
서울교육대학교,4년제,서울특별시,서초구
서울기독대학교,4년제,서울특별시,은평구
서울대학교,4년제,서울특별시,관악구
서울디지털대학교,원격대학,서울특별시,강서구
서울사이버대학교,원격대학,서울특별시,강북구
서울시립대학교,4년제,서울특별시,동대문구
서울신학대학교,4년제,경기도,부천시 소사구
서울여자간호대학교,전문대,서울특별시,서대문구
서울여자대학교,4년제,서울특별시,노원구
서울예술대학교,전문대,경기도,안산시 단원구
서울장신대학교,4년제,경기도,광주시
서울한영대학교,4년제,서울특별시,구로구
서원대학교,4년제,충청북도,청주시 서원구
서일대학교,전문대,서울특별시,중랑구
서정대학교,전문대,경기도,양주시
서해대학,전문대,전북특별자치도,군산시
선린대학교,전문대,경상북도,포항시 북구
선문대학교,4년제,충청남도,아산시
성결대학교,4년제,경기도,안양시 만안구
성공회대학교,4년제,서울특별시,구로구
성균관대학교,4년제,서울특별시,종로구
성신여자대학교,4년제,서울특별시,성북구
성심외국어대학,전문대,부산광역시,해운대구
성운대학교,전문대,경상북도,영천시
세경대학교,전문대,강원특별자치도,영월군
세명대학교,4년제,충청북도,제천시
세종대학교,4년제,서울특별시,광진구
세종사이버대학교,원격대학,서울특별시,광진구
세한대학교,4년제,전라남도,영암군
송곡대학교,전문대,강원특별자치도,춘천시
송원대학교,4년제,광주광역시,남구
송호대학교,전문대,강원특별자치도,횡성군
수성대학교,전문대,대구광역시,수성구
수원가톨릭대학교,4년제,경기도,화성시 효행구
수원과학대학교,전문대,경기도,화성시 효행구
수원대학교,4년제,경기도,화성시 효행구
수원여자대학교,전문대,경기도,수원시 권선구
숙명여자대학교,4년제,서울특별시,용산구
순복음총회신학교,4년제,충청북도,제천시
순천제일대학교,전문대,전라남도,순천시
순천향대학교,4년제,충청남도,아산시
숭실대학교,4년제,서울특별시,동작구
숭실사이버대학교,원격대학,서울특별시,종로구
숭의여자대학교,전문대,서울특별시,중구
신경주대학교,4년제,경상북도,경주시
신구대학교,전문대,경기도,성남시 중원구
신라대학교,4년제,부산광역시,사상구
신성대학교,전문대,충청남도,당진시
신안산대학교,전문대,경기도,안산시 단원구
신한대학교,4년제,경기도,동두천시
신흥대학교,전문대,경기도,의정부시
아신대학교,4년제,경기도,양평군
아주대학교,4년제,경기도,수원시 영통구
아주자동차대학교,전문대,충청남도,보령시
안동과학대학교,전문대,경상북도,안동시
안산대학교,전문대,경기도,안산시 상록구
안양대학교,4년제,경기도,안양시 만안구
여주대학교,전문대,경기도,여주시
연성대학교,전문대,경기도,안양시 만안구
연세대학교,4년제,서울특별시,서대문구
연세대학교(미래),4년제,강원특별자치도,원주시
연암공과대학교,전문대,경상남도,진주시
연암대학교,전문대,충청남도,천안시 서북구
영남대학교,4년제,경상북도,경산시
영남신학대학교,4년제,경상북도,경산시
영남외국어대학,전문대,경상북도,경산시
영남이공대학교,전문대,대구광역시,남구
영산대학교(양산),4년제,경상남도,양산시
영산대학교(해운대),4년제,부산광역시,해운대구
영산선학대학교,4년제,전라남도,영광군
영진사이버대학교,원격대학,대구광역시,북구
영진전문대학교,전문대,대구광역시,북구
예수대학교,4년제,전북특별자치도,전주시 완산구
예원예술대학교,4년제,경기도,양주시
오산대학교,전문대,경기도,오산시
용인대학교,4년제,경기도,용인시 처인구
용인예술과학대학교,전문대,경기도,용인시 처인구
우석대학교,4년제,전북특별자치도,완주군
우송대학교,4년제,대전광역시,동구
우송대학교(산업대),4년제,대전광역시,동구
우송정보대학,전문대,대전광역시,동구
울산과학기술원,4년제,울산광역시,울주군
울산과학대학교,전문대,울산광역시,동구
울산대학교,4년제,울산광역시,남구
웅지세무대학교,전문대,경기도,파주시
원광대학교,4년제,전북특별자치도,익산시
원광디지털대학교,원격대학,전북특별자치도,익산시
원광보건대학교,전문대,전북특별자치도,익산시
위덕대학교,4년제,경상북도,경주시
유원대학교,4년제,충청북도,영동군
유한대학교,전문대,경기도,부천시 소사구
을지대학교,4년제,대전광역시,중구
이화여자대학교,4년제,서울특별시,서대문구
인덕대학교,전문대,서울특별시,노원구
인제대학교,4년제,경상남도,김해시
인천가톨릭대학교,4년제,인천광역시,강화군
인천대학교,4년제,인천광역시,연수구
인하공업전문대학,전문대,인천광역시,미추홀구
인하대학교,4년제,인천광역시,미추홀구
장로회신학대학교,4년제,서울특별시,광진구
장안대학교,전문대,경기도,화성시 효행구
재능대학교,전문대,인천광역시,동구
적십자간호대학,전문대,서울특별시,동작구
전남과학대학교,전문대,전라남도,곡성군
전남대학교,4년제,광주광역시,북구
전남도립대학교,전문대,전라남도,담양군
전북과학대학교,전문대,전북특별자치도,정읍시
전북대학교,4년제,전북특별자치도,전주시 덕진구
전주교육대학교,4년제,전북특별자치도,전주시 완산구
전주기전대학,전문대,전북특별자치도,전주시 완산구
전주대학교,4년제,전북특별자치도,전주시 완산구
전주비전대학교,전문대,전북특별자치도,전주시 완산구
정석대학,기술대학,서울특별시,강서구
제주관광대학교,전문대,제주특별자치도,제주시
제주국제대학교,4년제,제주특별자치도,제주시
제주대학교,4년제,제주특별자치도,제주시
제주산업정보대학,전문대,제주특별자치도,제주시
제주한라대학교,전문대,제주특별자치도,제주시
조선간호대학교,전문대,광주광역시,동구
조선대학교,4년제,광주광역시,동구
조선이공대학교,전문대,광주광역시,동구
중부대학교,4년제,충청남도,금산군
중앙대학교,4년제,서울특별시,동작구
중앙승가대학교,4년제,경기도,김포시
중원대학교,4년제,충청북도,괴산군
진주교육대학교,4년제,경상남도,진주시
진주보건대학교,전문대,경상남도,진주시
진주산업대학교(산업대),4년제,경상남도,진주시
차의과학대학교,4년제,경기도,포천시
창신대학,전문대,경상남도,창원시 마산회원구
창신대학교,4년제,경상남도,창원시 마산회원구
창원문성대학교,전문대,경상남도,창원시 성산구
청강문화산업대학교,전문대,경기도,이천시
청암대학교,전문대,전라남도,순천시
청운대학교,4년제,충청남도,홍성군
청주교육대학교,4년제,충청북도,청주시 서원구
청주대학교,4년제,충청북도,청주시 청원구
초당대학교,4년제,전라남도,무안군
총신대학교,4년제,서울특별시,동작구
추계예술대학교,4년제,서울특별시,서대문구
춘천교육대학교,4년제,강원특별자치도,춘천시
춘해보건대학교,전문대,울산광역시,울주군
충남대학교,4년제,대전광역시,유성구
충남도립대학교,전문대,충청남도,청양군
충북대학교,4년제,충청북도,청주시 서원구
충북도립대학교,전문대,충청북도,옥천군
충북보건과학대학교,전문대,충청북도,청주시 청원구
충청대학교,전문대,충청북도,청주시 흥덕구
칼빈대학교,4년제,경기도,용인시 기흥구
탐라대학교,4년제,제주특별자치도,서귀포시
태재대학교,원격대학,서울특별시,종로구
평택대학교,4년제,경기도,평택시
포항공과대학교,4년제,경상북도,포항시 남구
포항대학교,전문대,경상북도,포항시 북구
한경국립대학교,4년제,경기도,안성시
한국골프과학기술대학교,전문대,강원특별자치도,횡성군
한국공학대학교,4년제,경기도,시흥시
한국과학기술원,4년제,대전광역시,유성구
한국관광대학교,전문대,경기도,이천시
한국교원대학교,4년제,충청북도,청주시 흥덕구
한국기술교육대학교,4년제,충청남도,천안시 동남구
한국농수산대학교,전문대,전북특별자치도,전주시 덕진구
한국방송통신대학교,원격대학,서울특별시,종로구
한국복지대학교,전문대,경기도,평택시
한국복지사이버대학교,원격대학,경상북도,경산시
한국성서대학교,4년제,서울특별시,노원구
한국승강기대학교,전문대,경상남도,거창군
한국에너지공과대학교,4년제,전라남도,나주시
한국열린사이버대학교,원격대학,서울특별시,중랑구
한국영상대학교,전문대,세종특별자치시,
한국예술종합학교,4년제,서울특별시,성북구
한국외국어대학교,4년제,서울특별시,동대문구
한국전통문화대학교,4년제,충청남도,부여군
한국체육대학교,4년제,서울특별시,송파구
한국침례신학대학교,4년제,대전광역시,유성구
한국폴리텍 I 대학 서울강서캠퍼스,전문대,서울특별시,강서구
한국폴리텍 I 대학 서울정수캠퍼스,전문대,서울특별시,용산구
한국폴리텍 I 대학 성남캠퍼스,전문대,경기도,성남시 수정구
한국폴리텍 I 대학 제주캠퍼스,전문대,제주특별자치도,제주시
한국폴리텍 II 대학 남인천캠퍼스,전문대,인천광역시,미추홀구
한국폴리텍 II 대학 인천캠퍼스,전문대,인천광역시,부평구
한국폴리텍 II 대학 화성캠퍼스,전문대,경기도,화성시 만세구
한국폴리텍 III 대학 강릉캠퍼스,전문대,강원특별자치도,강릉시
한국폴리텍 III 대학 원주캠퍼스,전문대,강원특별자치도,원주시
한국폴리텍 III 대학 춘천캠퍼스,전문대,강원특별자치도,춘천시
한국폴리텍 IV 대학 대전캠퍼스,전문대,대전광역시,동구
한국폴리텍 IV 대학 아산캠퍼스,전문대,충청남도,아산시
한국폴리텍 IV 대학 청주캠퍼스,전문대,충청북도,청주시 흥덕구
한국폴리텍 IV 대학 충남캠퍼스,전문대,충청남도,홍성군
한국폴리텍 V 대학 광주캠퍼스,전문대,광주광역시,북구
한국폴리텍 V 대학 순천캠퍼스,전문대,전라남도,순천시
한국폴리텍 V 대학 익산캠퍼스,전문대,전북특별자치도,익산시
한국폴리텍 V 대학 전남캠퍼스,전문대,전라남도,무안군
한국폴리텍 V 대학 전북캠퍼스,전문대,전북특별자치도,김제시
한국폴리텍 VI 대학 구미캠퍼스,전문대,경상북도,구미시
한국폴리텍 VI 대학 대구캠퍼스,전문대,대구광역시,서구
한국폴리텍 VI 대학 영남융합기술캠퍼,전문대,대구광역시,동구
한국폴리텍 VI 대학 영주캠퍼스,전문대,경상북도,영주시
한국폴리텍 VII 대학 동부산캠퍼스,전문대,부산광역시,기장군
한국폴리텍 VII 대학 부산캠퍼스,전문대,부산광역시,북구
한국폴리텍 VII 대학 울산캠퍼스,전문대,울산광역시,중구
한국폴리텍 VII 대학 진주캠퍼스,전문대,경상남도,진주시
한국폴리텍 VII 대학 창원캠퍼스,전문대,경상남도,창원시 성산구
한국폴리텍 특성화대학 로봇캠퍼스,전문대,경상북도,영천시
한국폴리텍 특성화대학 바이오캠퍼스,전문대,충청남도,논산시
한국폴리텍 특성화대학 반도체융합캠퍼스,전문대,경기도,안성시
한국폴리텍 특성화대학 항공캠퍼스,전문대,경상남도,사천시
한국항공대학교,4년제,경기도,고양시 덕양구
한남대학교,4년제,대전광역시,대덕구
한동대학교,4년제,경상북도,포항시 북구
한라대학교,4년제,강원특별자치도,원주시
한려대학교,4년제,전라남도,광양시
한림대학교,4년제,강원특별자치도,춘천시
한림성심대학교,전문대,강원특별자치도,춘천시
한밭대학교(산업대),4년제,대전광역시,유성구
한서대학교,4년제,충청남도,서산시
한성대학교,4년제,서울특별시,성북구
한세대학교,4년제,경기도,군포시
한신대학교,4년제,경기도,오산시
한양대학교,4년제,서울특별시,성동구
한양대학교(ERICA),4년제,경기도,안산시 상록구
한양사이버대학교,원격대학,서울특별시,성동구
한양여자대학교,전문대,서울특별시,성동구
한영대학교,전문대,전라남도,여수시
한일장신대학교,4년제,전북특별자치도,완주군
한중대학교,4년제,강원특별자치도,동해시
협성대학교,4년제,경기도,화성시 효행구
혜전대학교,전문대,충청남도,홍성군
호남대학교,4년제,광주광역시,광산구
호남신학대학교,4년제,광주광역시,남구
호산대학교,전문대,경상북도,경산시
호서대학교,4년제,충청남도,아산시
호원대학교,4년제,전북특별자치도,군산시
홍익대학교,4년제,서울특별시,마포구
화성의과학대학교,4년제,경기도,화성시 만세구
화신사이버대학교,원격대학,부산광역시,연제구
